seq,IDF1,IDR,IDP,IDTP,IDFN,IDFP,Dets,GT_Dets,IDs,GT_IDs
ai_challenge-03,0.2721469369470265,0.16879688802445122,0.7019064124783362,3645,17949,1548,5193,21594,153,56
COMBINED,0.2721469369470265,0.16879688802445122,0.7019064124783362,3645,17949,1548,5193,21594,153,56
