seq,IDF1,IDR,IDP,IDTP,IDFN,IDFP,Dets,GT_Dets,IDs,GT_IDs
ai_challenge-03,0.4395840397874986,0.36019264610539964,0.5638683485573438,7778,13816,6016,13794,21594,232,56
COMBINED,0.4395840397874986,0.36019264610539964,0.5638683485573438,7778,13816,6016,13794,21594,232,56
