seq,IDF1,IDR,IDP,IDTP,IDFN,IDFP,Dets,GT_Dets,IDs,GT_IDs
task3-01,0.21611699923026823,0.6194840461642905,0.13089005235602094,1825,1121,12118,13943,2946,225,77
COMBINED,0.21611699923026823,0.6194840461642905,0.13089005235602094,1825,1121,12118,13943,2946,225,77
